Number of Beds,Location,Price (HKD)
"Entire apartment • 1 bedroom • 1 bathroom • 17m²
1 double bed","Kita, Tokyo",HK$ 589
"2 beds (1 double, 1 futon)","Taito, Tokyo",HK$ 621
"Entire apartment • 1 bedroom • 1 living room • 1 bathroom • 1 kitchen • 32m²
3 single beds","Shinagawa Ward, Tokyo","HK$ 1,807"
"Entire apartment • 1 bedroom • 1 bathroom
2 beds (1 double, 1 futon)","Sumida Ward, Tokyo",HK$ 811
1 single bed,"Taito, Tokyo",HK$ 378
"Bed in dormitory
1 single bed","Taito, Tokyo",HK$ 226
1 futon bed,"Toshima, Tokyo",HK$ 389
3 single beds,"Shinjuku Ward, Tokyo","HK$ 1,299"
"Bed in dormitory
1 single bed","Koto Ward, Tokyo",HK$ 190
1 double bed,"Shibuya Ward, Tokyo",HK$ 915
1 large double bed,"Minato, Tokyo","HK$ 1,910"
1 single bed,"Minato, Tokyo","HK$ 1,117"
2 single beds,"Minato, Tokyo","HK$ 2,530"
1 double bed,"Shibuya Ward, Tokyo","HK$ 1,471"
"Shared dormitory room
1 single bed","Shibuya Ward, Tokyo",HK$ 566
1 large double bed,"Chiyoda, Tokyo","HK$ 2,067"
1 single bed,"Chuo Ward, Tokyo",HK$ 594
1 single bed,"Shibuya Ward, Tokyo",HK$ 911
1 double bed,"Chuo Ward, Tokyo",HK$ 957
1 single bed,"Minato, Tokyo",HK$ 728
1 single bed,"Chuo Ward, Tokyo",HK$ 608
1 single bed,"Chuo Ward, Tokyo",HK$ 835
1 double bed,"Shinjuku Ward, Tokyo",HK$ 867
1 double bed,"Chuo Ward, Tokyo","HK$ 1,039"
1 single bed,"Shinjuku Ward, Tokyo",HK$ 863
1 single bed,"Shibuya Ward, Tokyo","HK$ 1,839"
1 single bed,"Ota Ward, Tokyo","HK$ 1,448"
1 single bed,"Shibuya Ward, Tokyo",HK$ 989
1 double bed,"Chuo Ward, Tokyo",HK$ 608
1 single bed,"Shibuya Ward, Tokyo","HK$ 1,028"
1 large double bed,"Shinjuku Ward, Tokyo","HK$ 1,929"
1 double bed,"Shinagawa Ward, Tokyo",HK$ 658
1 single bed,"Minato, Tokyo",HK$ 644
1 single bed,"Chuo Ward, Tokyo",HK$ 608
1 single bed,"Chuo Ward, Tokyo",HK$ 790
1 single bed,"Taito, Tokyo",HK$ 500
1 single bed,"Kita, Tokyo",HK$ 746
1 single bed,"Chuo Ward, Tokyo","HK$ 1,082"
2 single beds,"Sumida Ward, Tokyo","HK$ 1,228"
1 double bed,"Chuo Ward, Tokyo","HK$ 1,880"
1 double bed,"Shinagawa Ward, Tokyo",HK$ 726
1 large double bed,"Chiyoda, Tokyo",HK$ 789
1 single bed,"Chuo Ward, Tokyo",HK$ 711
1 double bed,"Taito, Tokyo",HK$ 450
1 double bed,"Koto Ward, Tokyo",HK$ 758
1 single bed,"Kita, Tokyo",HK$ 714
1 double bed,"Ota Ward, Tokyo",HK$ 782
1 single bed,"Shinagawa Ward, Tokyo",HK$ 626
1 double bed,"Chiyoda, Tokyo","HK$ 1,139"
1 double bed,"Minato, Tokyo",HK$ 902
1 double bed,"Minato, Tokyo",HK$ 729
1 double bed,"Minato, Tokyo",HK$ 837
2 single beds,"Chiyoda, Tokyo","HK$ 2,921"
1 single bed,"Minato, Tokyo","HK$ 1,264"
1 single bed,"Toshima, Tokyo",HK$ 519
1 single bed,"Minato, Tokyo","HK$ 1,233"
1 large double bed,"Minato, Tokyo","HK$ 2,733"
1 single bed,"Shinjuku Ward, Tokyo",HK$ 865
2 single beds,"Minato, Tokyo","HK$ 1,698"
1 double bed,"Shibuya Ward, Tokyo","HK$ 1,435"
1 single bed,"Ota Ward, Tokyo","HK$ 1,003"
1 large double bed,"Shinjuku Ward, Tokyo","HK$ 2,889"
1 double bed,"Shinjuku Ward, Tokyo","HK$ 1,809"
1 single bed,"Chiyoda, Tokyo",HK$ 627
1 single bed,"Chuo Ward, Tokyo",HK$ 714
1 large double bed,"Shinjuku Ward, Tokyo",HK$ 935
"2 beds (1 sofa bed, 1 large double)","Shinagawa Ward, Tokyo",HK$ 574
1 single bed,"Shinjuku Ward, Tokyo",HK$ 584
1 single bed,"Shinjuku Ward, Tokyo",HK$ 876
1 double bed,"Minato, Tokyo","HK$ 1,329"
1 double bed,"Chuo Ward, Tokyo","HK$ 1,190"
1 double bed,"Minato, Tokyo","HK$ 1,083"
1 single bed,"Taito, Tokyo",HK$ 537
1 single bed,"Chiyoda, Tokyo",HK$ 617
1 double bed,"Shinjuku Ward, Tokyo",HK$ 968
1 single bed,"Ota Ward, Tokyo",HK$ 974
1 single bed,"Chuo Ward, Tokyo",HK$ 687
"3 beds (2 singles, 1 bunk bed)","Shinjuku Ward, Tokyo","HK$ 2,678"
1 single bed,"Taito, Tokyo",HK$ 487
1 single bed,"Kita, Tokyo",HK$ 717
1 double bed,"Minato, Tokyo",HK$ 667
1 single bed,"Chuo Ward, Tokyo","HK$ 1,001"
1 single bed,"Shinjuku Ward, Tokyo",HK$ 898
1 single bed,"Chuo Ward, Tokyo",HK$ 899
1 single bed,"Shinjuku Ward, Tokyo",HK$ 976
1 single bed,"Taito, Tokyo",HK$ 569
1 single bed,"Bunkyo, Tokyo",HK$ 546
1 single bed,"Shibuya Ward, Tokyo","HK$ 1,856"
"Private apartment • 1 bedroom • 1 bathroom • 1 kitchen • 34m²
3 beds (2 singles, 1 bunk bed)","Taito, Tokyo","HK$ 2,202"
1 single bed,"Taito, Tokyo",HK$ 487
1 single bed,"Shinjuku Ward, Tokyo",HK$ 915
1 large double bed,"Minato, Tokyo",HK$ 865
1 extra-large double bed,"Minato, Tokyo","HK$ 2,004"
1 double bed,"Shibuya Ward, Tokyo",HK$ 844
1 large double bed,"Chuo Ward, Tokyo","HK$ 1,081"
1 single bed,"Minato, Tokyo",HK$ 717
1 large double bed,"Kita, Tokyo",HK$ 752
1 single bed,"Shibuya Ward, Tokyo",HK$ 698
1 single bed,"Chiyoda, Tokyo",HK$ 952
1 single bed,"Taito, Tokyo",HK$ 569
1 single bed,"Taito, Tokyo",HK$ 739
1 single bed,"Chuo Ward, Tokyo",HK$ 738
1 double bed,"Toshima, Tokyo",HK$ 615
1 single bed,"Chuo Ward, Tokyo",HK$ 638
1 single bed,"Shibuya Ward, Tokyo",HK$ 995
1 single bed,"Toshima, Tokyo",HK$ 671
1 double bed,"Chuo Ward, Tokyo","HK$ 1,244"
1 single bed,"Taito, Tokyo",HK$ 487
1 single bed,"Shinjuku Ward, Tokyo",HK$ 954
1 single bed,"Shinagawa Ward, Tokyo",HK$ 648
1 single bed,"Taito, Tokyo",HK$ 726
1 single bed,"Shibuya Ward, Tokyo",HK$ 813
1 single bed,"Minato, Tokyo",HK$ 790
1 single bed,"Chiyoda, Tokyo",HK$ 606
1 single bed,"Chuo Ward, Tokyo",HK$ 683
1 double bed,"Edogawa, Tokyo",HK$ 828
1 double bed,"Chiyoda, Tokyo",HK$ 606
1 double bed,"Meguro Ward, Tokyo","HK$ 1,182"
1 single bed,"Shibuya Ward, Tokyo",HK$ 844
1 double bed,"Taito, Tokyo","HK$ 1,367"
1 single bed,"Chuo Ward, Tokyo",HK$ 571
1 single bed,"Chuo Ward, Tokyo",HK$ 842
1 single bed,"Ota Ward, Tokyo",HK$ 632
1 double bed,"Chuo Ward, Tokyo",HK$ 736
Beds: 1 double or 2 singles,"Minato, Tokyo","HK$ 2,517"
1 double bed,"Minato, Tokyo",HK$ 789
1 single bed,"Chuo Ward, Tokyo",HK$ 865
1 double bed,"Minato, Tokyo",HK$ 738
1 single bed,"Taito, Tokyo",HK$ 541
1 single bed,"Chuo Ward, Tokyo",HK$ 759
1 single bed,"Taito, Tokyo",HK$ 541
1 single bed,"Taito, Tokyo",HK$ 752
1 double bed,"Chiyoda, Tokyo",HK$ 852
1 single bed,"Minato, Tokyo",HK$ 941
1 single bed,"Chuo Ward, Tokyo",HK$ 517
1 single bed,"Ota Ward, Tokyo","HK$ 1,763"
"4 beds (2 singles, 2 futons)","Minato, Tokyo","HK$ 2,826"
1 single bed,"Shinjuku Ward, Tokyo",HK$ 713
1 single bed,"Chuo Ward, Tokyo",HK$ 901
1 double bed,"Minato, Tokyo",HK$ 940
1 double bed,"Minato, Tokyo",HK$ 764
1 double bed,"Minato, Tokyo","HK$ 1,113"
1 single bed,"Koto Ward, Tokyo",HK$ 993
1 single bed,"Chuo Ward, Tokyo",HK$ 606
1 single bed,"Sumida Ward, Tokyo",HK$ 444
1 double bed,"Minato, Tokyo",HK$ 883
1 single bed,"Shinagawa Ward, Tokyo",HK$ 660
1 double bed,"Koto Ward, Tokyo","HK$ 1,958"
1 single bed,"Shibuya Ward, Tokyo","HK$ 1,285"
1 single bed,"Minato, Tokyo",HK$ 665
1 single bed,"Taito, Tokyo",HK$ 584
1 single bed,"Ota Ward, Tokyo",HK$ 638
1 double bed,"Koto Ward, Tokyo",HK$ 638
1 single bed,"Chiyoda, Tokyo",HK$ 725
1 single bed,"Shibuya Ward, Tokyo","HK$ 1,154"
1 single bed,"Edogawa, Tokyo",HK$ 536
1 futon bed,"Bunkyo, Tokyo",HK$ 825
"4 beds (2 singles, 2 bunk beds)","Taito, Tokyo","HK$ 2,321"
2 single beds,"Minato, Tokyo","HK$ 1,413"
2 single beds,"Urayasu, Tokyo","HK$ 3,127"
1 double bed,"Chuo Ward, Tokyo","HK$ 1,198"
1 double bed,"Taito, Tokyo",HK$ 461
1 double bed,"Shinagawa Ward, Tokyo","HK$ 1,103"
1 double bed,"Minato, Tokyo",HK$ 714
1 single bed,"Chuo Ward, Tokyo",HK$ 514
Multiple bed types,"Taito, Tokyo",HK$ 717
1 single bed,"Chuo Ward, Tokyo",HK$ 563
1 single bed,"Taito, Tokyo",HK$ 547
1 double bed,"Toshima, Tokyo",HK$ 541
1 double bed,"Toshima, Tokyo",HK$ 904
1 single bed,"Chiyoda, Tokyo",HK$ 573
1 large double bed,"Minato, Tokyo",HK$ 974
1 single bed,"Minato, Tokyo",HK$ 736
1 single bed,"Shinjuku Ward, Tokyo",HK$ 801
1 single bed,"Minato, Tokyo",HK$ 606
1 single bed,"Ota Ward, Tokyo",HK$ 606
"Bed in dormitory
1 bunk bed","Taito, Tokyo",HK$ 216
1 large double bed,"Chuo Ward, Tokyo","HK$ 1,719"
1 single bed,"Chuo Ward, Tokyo",HK$ 833
1 extra-large double bed,"Bunkyo, Tokyo","HK$ 3,869"
Beds: 1 double or 2 singles,"Minato, Tokyo","HK$ 3,280"
1 single bed,"Taito, Tokyo",HK$ 499
1 single bed,"Shinagawa Ward, Tokyo",HK$ 935
1 single bed,"Shinjuku Ward, Tokyo",HK$ 606
1 single bed,"Shinjuku Ward, Tokyo",HK$ 831
1 double bed,"Minato, Tokyo","HK$ 1,274"
1 single bed,"Chuo Ward, Tokyo",HK$ 546
1 double bed,"Taito, Tokyo","HK$ 1,766"
1 single bed,"Taito, Tokyo",HK$ 513
1 double bed,"Chiyoda, Tokyo","HK$ 1,153"
"Bed in dormitory
1 single bed","Minato, Tokyo",HK$ 389
1 single bed,"Sumida Ward, Tokyo",HK$ 665
1 double bed,"Shinjuku Ward, Tokyo",HK$ 801
"Private studio • 1 bathroom • 35m²
1 extra-large double bed","Chuo Ward, Tokyo","HK$ 3,059"
1 double bed,"Sumida Ward, Tokyo",HK$ 914
1 single bed,"Chiyoda, Tokyo",HK$ 666
"Bed in dormitory
1 bunk bed","Shinjuku Ward, Tokyo",HK$ 321
1 single bed,"Shibuya Ward, Tokyo",HK$ 948
1 large double bed,"Arakawa, Tokyo",HK$ 683
1 extra-large double bed,"Minato, Tokyo","HK$ 1,103"
1 single bed,"Chiyoda, Tokyo",HK$ 898
1 single bed,"Toshima, Tokyo",HK$ 541
1 large double bed,"Minato, Tokyo",HK$ 974
1 large double bed,"Minato, Tokyo","HK$ 2,380"
1 single bed,"Minato, Tokyo",HK$ 665
1 double bed,"Minato, Tokyo","HK$ 2,164"
1 single bed,"Toshima, Tokyo",HK$ 531
1 single bed,"Minato, Tokyo",HK$ 784
1 single bed,"Minato, Tokyo",HK$ 606
1 single bed,"Koto Ward, Tokyo",HK$ 898
"4 beds (2 singles, 2 sofa beds)","Taito, Tokyo","HK$ 2,499"
1 single bed,"Minato, Tokyo",HK$ 606
1 single bed,"Chiyoda, Tokyo",HK$ 844
1 double bed,"Setagaya, Tokyo","HK$ 1,142"
1 single bed,"Setagaya, Tokyo","HK$ 1,079"
1 double bed,"Chiyoda, Tokyo",HK$ 832
1 single bed,"Koto Ward, Tokyo",HK$ 652
2 single beds,"Urayasu, Tokyo","HK$ 3,631"
1 double bed,"Chuo Ward, Tokyo","HK$ 1,028"
1 double bed,"Chiyoda, Tokyo",HK$ 622
1 double bed,"Shinjuku Ward, Tokyo",HK$ 916
1 single bed,"Chuo Ward, Tokyo",HK$ 487
1 single bed,"Minato, Tokyo",HK$ 482
2 single beds,"Urayasu, Tokyo","HK$ 2,099"
1 single bed,"Chuo Ward, Tokyo",HK$ 487
1 single bed,"Minato, Tokyo","HK$ 1,269"
1 single bed,"Chuo Ward, Tokyo",HK$ 613
1 double bed,"Chiyoda, Tokyo",HK$ 827
1 single bed,"Setagaya, Tokyo","HK$ 1,285"
1 double bed,"Shinjuku Ward, Tokyo","HK$ 1,623"
1 double bed,"Koto Ward, Tokyo","HK$ 1,310"
1 single bed,"Chiyoda, Tokyo",HK$ 730
1 double bed,"Shibuya Ward, Tokyo","HK$ 3,063"
1 single bed,"Chiyoda, Tokyo",HK$ 745
1 double bed,"Taito, Tokyo",HK$ 487
1 single bed,"Chuo Ward, Tokyo",HK$ 514
1 single bed,"Shinagawa Ward, Tokyo",HK$ 665
1 single bed,"Chuo Ward, Tokyo",HK$ 849
1 single bed,"Taito, Tokyo",HK$ 541
1 double bed,"Taito, Tokyo",HK$ 775
2 double beds,"Urayasu, Tokyo","HK$ 3,815"
1 large double bed,"Chuo Ward, Tokyo",HK$ 762
1 single bed,"Chuo Ward, Tokyo","HK$ 1,188"
1 single bed,"Toshima, Tokyo",HK$ 974
"Bed in dormitory
1 bunk bed","Kita, Tokyo",HK$ 200
1 double bed,"Taito, Tokyo","HK$ 1,022"
1 double bed,"Minato, Tokyo",HK$ 697
1 single bed,"Chiyoda, Tokyo",HK$ 606
1 single bed,"Chuo Ward, Tokyo",HK$ 682
1 extra-large double bed,"Minato, Tokyo","HK$ 1,953"
1 extra-large double bed,"Minato, Tokyo","HK$ 1,953"
1 single bed,"Edogawa, Tokyo",HK$ 686
1 single bed,"Ota Ward, Tokyo",HK$ 607
1 single bed,"Ota Ward, Tokyo",HK$ 865
2 single beds,"Chuo Ward, Tokyo",HK$ 909
1 single bed,"Chuo Ward, Tokyo",HK$ 487
1 single bed,"Shinagawa Ward, Tokyo",HK$ 617
1 single bed,"Taito, Tokyo",HK$ 647
1 single bed,"Chiyoda, Tokyo",HK$ 541
1 single bed,"Koto Ward, Tokyo",HK$ 607
1 double bed,"Koto Ward, Tokyo",HK$ 974
1 double bed,"Taito, Tokyo",HK$ 694
1 single bed,"Minato, Tokyo",HK$ 752
1 double bed,"Chuo Ward, Tokyo",HK$ 789
1 single bed,"Minato, Tokyo",HK$ 723
1 single bed,"Chuo Ward, Tokyo",HK$ 487
1 extra-large double bed,"Chiyoda, Tokyo","HK$ 6,158"
1 single bed,"Chiyoda, Tokyo",HK$ 487
1 single bed,"Chuo Ward, Tokyo",HK$ 850
1 double bed,"Chuo Ward, Tokyo",HK$ 487
1 extra-large double bed,"Minato, Tokyo","HK$ 1,906"
1 double bed,"Taito, Tokyo","HK$ 1,168"
1 extra-large double bed,"Minato, Tokyo","HK$ 4,653"
1 double bed,"Shibuya Ward, Tokyo","HK$ 1,644"
1 double bed,"Shibuya Ward, Tokyo","HK$ 1,178"
1 single bed,"Chuo Ward, Tokyo",HK$ 487
1 double bed,"Chuo Ward, Tokyo","HK$ 1,716"
1 large double bed,"Chuo Ward, Tokyo","HK$ 1,133"
1 double bed,"Minato, Tokyo",HK$ 690
1 single bed,"Ota Ward, Tokyo",HK$ 768
1 large double bed,"Minato, Tokyo","HK$ 1,099"
4 single beds,"Taito, Tokyo","HK$ 2,856"
2 single beds,"Urayasu, Tokyo","HK$ 2,389"
2 single beds,"Urayasu, Tokyo","HK$ 3,460"
2 single beds,"Chuo Ward, Tokyo","HK$ 1,768"
1 double bed,"Taito, Tokyo",HK$ 565
1 double bed,"Taito, Tokyo",HK$ 980
1 single bed,"Koto Ward, Tokyo",HK$ 546
1 double bed,"Minato, Tokyo",HK$ 925
"Bed in dormitory
1 bunk bed","Koto Ward, Tokyo",HK$ 365
1 double bed,"Ota Ward, Tokyo",HK$ 807
1 double bed,"Chuo Ward, Tokyo",HK$ 876
1 large double bed,"Minato, Tokyo","HK$ 2,062"
"2 beds (1 single, 1 double)","Koto Ward, Tokyo",HK$ 763
"3 beds (2 singles, 1 large double)","Shinjuku Ward, Tokyo","HK$ 2,819"
1 single bed,"Chiyoda, Tokyo",HK$ 916
1 single bed,"Ota Ward, Tokyo",HK$ 517
1 extra-large double bed,"Minato, Tokyo","HK$ 3,271"
1 double bed,"Shinjuku Ward, Tokyo","HK$ 1,047"
1 single bed,"Chiyoda, Tokyo",HK$ 613
1 single bed,"Minato, Tokyo",HK$ 725
1 double bed,"Taito, Tokyo",HK$ 658
1 double bed,"Minato, Tokyo",HK$ 952
1 futon bed,"Kita, Tokyo",HK$ 433
1 single bed,"Chuo Ward, Tokyo","HK$ 1,022"
1 single bed,"Kita, Tokyo",HK$ 746
1 single bed,"Shibuya Ward, Tokyo",HK$ 831
1 double bed,"Shinagawa Ward, Tokyo",HK$ 865
1 single bed,"Chuo Ward, Tokyo","HK$ 1,217"
"Bed in dormitory
1 bunk bed","Taito, Tokyo",HK$ 273
1 double bed,"Minato, Tokyo","HK$ 1,032"
1 single bed,"Minato, Tokyo",HK$ 730
2 single beds,"Chuo Ward, Tokyo","HK$ 4,610"
"Bed in dormitory
1 single bed","Minato, Tokyo",HK$ 346
1 single bed,"Taito, Tokyo",HK$ 514
1 single bed,"Koto Ward, Tokyo",HK$ 753
1 large double bed,"Chuo Ward, Tokyo","HK$ 1,471"
1 extra-large double bed,"Minato, Tokyo","HK$ 3,704"
"2 beds (1 sofa bed, 1 large double)","Urayasu, Tokyo","HK$ 2,378"
1 single bed,"Kita, Tokyo",HK$ 636
"3 beds (2 singles, 1 sofa bed)","Taito, Tokyo",HK$ 827
"Private suite
2 beds (1 large double, 1 futon)","Taito, Tokyo","HK$ 1,503"
1 single bed,"Chiyoda, Tokyo",HK$ 876
1 double bed,"Minato, Tokyo",HK$ 687
1 double bed,"Chuo Ward, Tokyo",HK$ 666
1 single bed,"Minato, Tokyo",HK$ 809
1 single bed,"Toshima, Tokyo",HK$ 692
1 double bed,"Taito, Tokyo",HK$ 807
1 single bed,"Chiyoda, Tokyo",HK$ 569
1 large double bed,"Shinjuku Ward, Tokyo",HK$ 867
1 single bed,"Edogawa, Tokyo",HK$ 606
1 single bed,"Sumida Ward, Tokyo",HK$ 626
1 double bed,"Minato, Tokyo","HK$ 1,418"
1 single bed,"Chuo Ward, Tokyo","HK$ 1,313"
2 single beds,"Arakawa, Tokyo",HK$ 757
1 double bed,"Chuo Ward, Tokyo",HK$ 987
1 single bed,"Minato, Tokyo",HK$ 932
1 single bed,"Adachi Ward, Tokyo",HK$ 665
1 large double bed,"Chiyoda, Tokyo",HK$ 683
2 single beds,"Taito, Tokyo","HK$ 1,452"
"Bed in dormitory
1 single bed","Minato, Tokyo",HK$ 270
"Bed in dormitory
1 single bed","Shibuya Ward, Tokyo",HK$ 303
1 single bed,"Shinjuku Ward, Tokyo","HK$ 1,024"
1 extra-large double bed,"Chiyoda, Tokyo","HK$ 5,583"
"Bed in dormitory
1 single bed","Chiyoda, Tokyo",HK$ 346
1 large double bed,"Minato, Tokyo","HK$ 1,125"
1 double bed,"Taito, Tokyo",HK$ 753
1 single bed,"Chuo Ward, Tokyo",HK$ 487
1 single bed,"Minato, Tokyo",HK$ 789
1 extra-large double bed,"Minato, Tokyo","HK$ 8,428"
1 single bed,"Koto Ward, Tokyo",HK$ 396
1 single bed,"Shibuya Ward, Tokyo",HK$ 811
1 double bed,"Ota Ward, Tokyo",HK$ 696
1 single bed,"Ota Ward, Tokyo",HK$ 584
1 single bed,"Taito, Tokyo",HK$ 512
1 double bed,"Chuo Ward, Tokyo",HK$ 967
1 double bed,"Taito, Tokyo",HK$ 944
1 single bed,"Chiyoda, Tokyo",HK$ 904
1 double bed,"Ota Ward, Tokyo",HK$ 649
1 double bed,"Taito, Tokyo",HK$ 565
1 double bed,"Ota Ward, Tokyo",HK$ 538
1 large double bed,"Chiyoda, Tokyo","HK$ 3,748"
1 double bed,"Chiyoda, Tokyo","HK$ 3,032"
1 single bed,"Shinagawa Ward, Tokyo",HK$ 811
2 single beds,"Meguro Ward, Tokyo",HK$ 833
"Bed in dormitory
1 single bed","Chiyoda, Tokyo",HK$ 433
"Bed in dormitory
1 single bed","Shinjuku Ward, Tokyo",HK$ 433
1 single bed,"Chuo Ward, Tokyo",HK$ 682
1 single bed,"Toshima, Tokyo",HK$ 882
2 single beds,"Urayasu, Tokyo","HK$ 1,332"
1 extra-large double bed,"Minato, Tokyo","HK$ 4,993"
1 double bed,"Chuo Ward, Tokyo","HK$ 1,418"
1 double bed,"Minato, Tokyo",HK$ 771
1 large double bed,"Chuo Ward, Tokyo","HK$ 2,278"
"Bed in dormitory
1 single bed","Taito, Tokyo",HK$ 262
1 single bed,"Sumida Ward, Tokyo",HK$ 909
1 single bed,"Shinjuku Ward, Tokyo",HK$ 849
"3 beds (2 singles, 1 bunk bed)","Chuo Ward, Tokyo","HK$ 1,801"
1 large double bed,"Chuo Ward, Tokyo","HK$ 1,240"
1 single bed,"Chiyoda, Tokyo",HK$ 666
1 extra-large double bed,"Minato, Tokyo","HK$ 6,122"
1 large double bed,"Shinjuku Ward, Tokyo","HK$ 1,412"
1 single bed,"Chiyoda, Tokyo","HK$ 1,002"
"Bed in dormitory
1 bunk bed","Taito, Tokyo",HK$ 194
1 single bed,"Bunkyo, Tokyo","HK$ 1,109"
1 double bed,"Meguro Ward, Tokyo","HK$ 1,412"
"Bed in dormitory
1 bunk bed","Shinjuku Ward, Tokyo",HK$ 346
1 single bed,"Shinagawa Ward, Tokyo","HK$ 1,028"
1 single bed,"Minato, Tokyo",HK$ 595
1 large double bed,"Koto Ward, Tokyo","HK$ 1,082"
2 bunk beds,"Taito, Tokyo",HK$ 811
1 single bed,"Edogawa, Tokyo",HK$ 810
1 single bed,"Taito, Tokyo",HK$ 768
1 single bed,"Shinagawa Ward, Tokyo",HK$ 865
1 extra-large double bed,"Minato, Tokyo","HK$ 2,619"
1 single bed,"Shinjuku Ward, Tokyo",HK$ 682
1 double bed,"Shinjuku Ward, Tokyo",HK$ 893
1 double bed,"Chuo Ward, Tokyo",HK$ 503
1 single bed,"Shinjuku Ward, Tokyo",HK$ 714
1 single bed,"Taito, Tokyo","HK$ 1,037"
1 single bed,"Minato, Tokyo",HK$ 611
"Entire apartment • 1 bedroom • 1 kitchen • 25m²
2 single beds","Ota Ward, Tokyo",HK$ 838
1 single bed,"Sumida Ward, Tokyo","HK$ 1,060"
2 single beds,"Chiyoda, Tokyo","HK$ 5,174"
1 double bed,"Setagaya, Tokyo","HK$ 1,849"
2 futon beds,"Shinjuku Ward, Tokyo",HK$ 610
1 single bed,"Bunkyo, Tokyo","HK$ 1,092"
1 single bed,"Taito, Tokyo",HK$ 541
1 extra-large double bed,"Minato, Tokyo","HK$ 6,483"
1 large double bed,"Chuo Ward, Tokyo",HK$ 893
1 single bed,"Minato, Tokyo",HK$ 790
1 single bed,"Shinjuku Ward, Tokyo",HK$ 606
1 single bed,"Bunkyo, Tokyo","HK$ 1,016"
"Bed in dormitory
1 single bed","Taito, Tokyo",HK$ 270
1 single bed,"Toshima, Tokyo",HK$ 523
1 extra-large double bed,"Chuo Ward, Tokyo","HK$ 4,591"
"Bed in dormitory
1 single bed","Minato, Tokyo",HK$ 389
1 single bed,"Edogawa, Tokyo",HK$ 503
1 single bed,"Taito, Tokyo",HK$ 519
1 extra-large double bed,"Toshima, Tokyo",HK$ 911
1 single bed,"Ota Ward, Tokyo",HK$ 606
1 double bed,"Toshima, Tokyo",HK$ 990
1 double bed,"Edogawa, Tokyo",HK$ 828
1 single bed,"Sumida Ward, Tokyo",HK$ 649
1 single bed,"Shinjuku Ward, Tokyo",HK$ 671
1 single bed,"Shinjuku Ward, Tokyo",HK$ 671
"Bed in dormitory
1 single bed","Shinjuku Ward, Tokyo",HK$ 389
1 single bed,"Arakawa, Tokyo",HK$ 740
1 single bed,"Urayasu, Tokyo","HK$ 1,060"
1 single bed,"Taito, Tokyo",HK$ 285
"Bed in dormitory
1 bunk bed","Chuo Ward, Tokyo",HK$ 318
1 extra-large double bed,"Shinagawa Ward, Tokyo","HK$ 2,117"
1 single bed,"Ota Ward, Tokyo","HK$ 1,158"
1 double bed,"Taito, Tokyo","HK$ 1,201"
1 double bed,"Minato, Tokyo",HK$ 678
1 single bed,"Chuo Ward, Tokyo",HK$ 663
"Bed in dormitory
1 single bed","Chiyoda, Tokyo",HK$ 619
1 double bed,"Minato, Tokyo",HK$ 831
1 single bed,"Minato, Tokyo",HK$ 865
1 single bed,"Minato, Tokyo",HK$ 714
"Bed in dormitory
1 bunk bed","Koto Ward, Tokyo",HK$ 249
1 single bed,"Nerima Ward, Tokyo",HK$ 695
"3 beds (2 singles, 1 sofa bed)","Urayasu, Tokyo","HK$ 2,713"
1 extra-large double bed,"Minato, Tokyo",HK$ 628
1 single bed,"Toshima, Tokyo",HK$ 672
1 double bed,"Chiyoda, Tokyo","HK$ 1,153"
1 single bed,"Toshima, Tokyo",HK$ 703
1 double bed,"Shinjuku Ward, Tokyo","HK$ 1,098"
"Bed in dormitory
1 single bed","Sumida Ward, Tokyo",HK$ 195
1 double bed,"Toshima, Tokyo",HK$ 945
1 single bed,"Taito, Tokyo",HK$ 476
1 single bed,"Chuo Ward, Tokyo",HK$ 487
1 single bed,"Shinagawa Ward, Tokyo",HK$ 683
1 single bed,"Shinjuku Ward, Tokyo",HK$ 962
1 single bed,"Toshima, Tokyo","HK$ 1,298"
"4 beds (2 singles, 2 bunk beds)","Chuo Ward, Tokyo","HK$ 2,678"
"Bed in dormitory
1 bunk bed","Taito, Tokyo",HK$ 205
1 single bed,"Kita, Tokyo",HK$ 630
2 single beds,"Setagaya, Tokyo","HK$ 3,462"
1 double bed,"Taito, Tokyo",HK$ 649
1 double bed,"Minato, Tokyo","HK$ 1,255"
1 single bed,"Taito, Tokyo",HK$ 569
1 double bed,"Chiyoda, Tokyo","HK$ 1,310"
1 single bed,"Minato, Tokyo",HK$ 820
1 single bed,"Taito, Tokyo",HK$ 925
1 single bed,"Toshima, Tokyo",HK$ 740
1 single bed,"Chuo Ward, Tokyo",HK$ 774
1 single bed,"Chiyoda, Tokyo",HK$ 581
1 double bed,"Shibuya Ward, Tokyo","HK$ 4,938"
1 single bed,"Koto Ward, Tokyo",HK$ 490
1 single bed,"Taito, Tokyo",HK$ 512
1 double bed,"Chuo Ward, Tokyo","HK$ 2,402"
1 double bed,"Chuo Ward, Tokyo",HK$ 822
1 single bed,"Chuo Ward, Tokyo","HK$ 1,590"
,"Koto Ward, Tokyo",HK$ 752
1 double bed,"Shinagawa Ward, Tokyo",HK$ 622
1 double bed,"Chuo Ward, Tokyo",HK$ 968
1 single bed,"Taito, Tokyo",HK$ 571
1 single bed,"Ota Ward, Tokyo",HK$ 538
1 double bed,"Minato, Tokyo",HK$ 725
1 double bed,"Minato, Tokyo","HK$ 1,244"
1 single bed,"Meguro Ward, Tokyo","HK$ 1,066"
1 single bed,"Ota Ward, Tokyo","HK$ 1,036"
1 large double bed,"Chuo Ward, Tokyo","HK$ 2,618"
1 single bed,"Chuo Ward, Tokyo",HK$ 652
1 double bed,"Minato, Tokyo",HK$ 837
1 double bed,"Chuo Ward, Tokyo",HK$ 843
1 double bed,"Shinjuku Ward, Tokyo",HK$ 749
"Bed in dormitory
1 single bed","Chiyoda, Tokyo",HK$ 346
1 large double bed,"Shibuya Ward, Tokyo","HK$ 2,261"
1 futon bed,"Taito, Tokyo",HK$ 342
1 single bed,"Kita, Tokyo",HK$ 680
1 single bed,"Bunkyo, Tokyo",HK$ 820
"Bed in dormitory
1 bunk bed","Taito, Tokyo",HK$ 357
1 single bed,"Taito, Tokyo",HK$ 813
2 double beds,"Urayasu, Tokyo","HK$ 1,634"
2 bunk beds,"Shinjuku Ward, Tokyo",HK$ 854
1 extra-large double bed,"Shibuya Ward, Tokyo","HK$ 1,363"
1 single bed,"Shinjuku Ward, Tokyo",HK$ 613
1 single bed,"Chiyoda, Tokyo",HK$ 591
1 futon bed,"Taito, Tokyo",HK$ 974
1 single bed,"Sumida Ward, Tokyo",HK$ 524
1 extra-large double bed,"Chiyoda, Tokyo","HK$ 6,547"
1 double bed,"Chuo Ward, Tokyo","HK$ 1,345"
1 single bed,"Shinjuku Ward, Tokyo",HK$ 644
"Bed in dormitory
1 bunk bed","Shinjuku Ward, Tokyo",HK$ 541
1 single bed,"Edogawa, Tokyo",HK$ 795
,"Chuo Ward, Tokyo","HK$ 2,255"
1 double bed,"Adachi Ward, Tokyo",HK$ 779
1 single bed,"Ota Ward, Tokyo",HK$ 552
"3 beds (2 singles, 1 futon)","Urayasu, Tokyo","HK$ 2,185"
1 single bed,"Shibuya Ward, Tokyo","HK$ 1,497"
1 double bed,"Shinjuku Ward, Tokyo",HK$ 622
1 double bed,"Arakawa, Tokyo",HK$ 768
1 single bed,"Chuo Ward, Tokyo",HK$ 490
1 large double bed,"Chiyoda, Tokyo","HK$ 4,437"
1 double bed,"Chiyoda, Tokyo","HK$ 1,211"
"Bed in dormitory
1 bunk bed","Taito, Tokyo",HK$ 411
1 single bed,"Arakawa, Tokyo",HK$ 498
1 single bed,"Taito, Tokyo",HK$ 541
1 single bed,"Katsushika, Tokyo",HK$ 465
2 single beds,"Shinjuku Ward, Tokyo",HK$ 884
"3 beds (2 doubles, 1 sofa bed)","Taito, Tokyo","HK$ 1,039"
2 single beds,"Taito, Tokyo",HK$ 606
2 futon beds,"Toshima, Tokyo",HK$ 487
1 large double bed,"Chiyoda, Tokyo","HK$ 2,248"
1 single bed,"Bunkyo, Tokyo",HK$ 663
1 single bed,"Toshima, Tokyo",HK$ 659
1 single bed,"Sumida Ward, Tokyo",HK$ 454
1 single bed,"Shinagawa Ward, Tokyo",HK$ 457
1 single bed,"Chiyoda, Tokyo",HK$ 857
"Bed in dormitory
1 bunk bed","Sumida Ward, Tokyo",HK$ 216
1 double bed,"Shinjuku Ward, Tokyo",HK$ 811
1 single bed,"Toshima, Tokyo",HK$ 487
1 single bed,"Taito, Tokyo",HK$ 476
1 single bed,"Toshima, Tokyo",HK$ 379
1 single bed,"Shibuya Ward, Tokyo",HK$ 613
1 double bed,"Shinjuku Ward, Tokyo",HK$ 541
1 double bed,"Chuo Ward, Tokyo",HK$ 728
1 extra-large double bed,"Shinjuku Ward, Tokyo","HK$ 4,047"
1 single bed,"Chiyoda, Tokyo",HK$ 844
1 large double bed,"Koto Ward, Tokyo","HK$ 1,396"
1 single bed,"Taito, Tokyo",HK$ 535
1 single bed,"Sumida Ward, Tokyo",HK$ 270
1 single bed,"Taito, Tokyo",HK$ 718
1 single bed,"Minato, Tokyo",HK$ 622
"Entire apartment • 1 bedroom • 1 living room • 1 bathroom • 1 kitchen • 25m²
1 large double bed","Chuo Ward, Tokyo","HK$ 1,519"
1 large double bed,"Toshima, Tokyo",HK$ 912
1 double bed,"Taito, Tokyo",HK$ 685
1 single bed,"Shinjuku Ward, Tokyo",HK$ 541
1 single bed,"Shinjuku Ward, Tokyo",HK$ 678
2 double beds,"Taito, Tokyo",HK$ 833
1 single bed,"Shibuya Ward, Tokyo","HK$ 1,579"
1 single bed,"Shinjuku Ward, Tokyo",HK$ 914
1 double bed,"Taito, Tokyo",HK$ 746
1 double bed,"Toshima, Tokyo",HK$ 963
1 double bed,"Minato, Tokyo","HK$ 1,869"
2 single beds,"Urayasu, Tokyo","HK$ 2,072"
1 single bed,"Adachi Ward, Tokyo","HK$ 1,148"
1 large double bed,"Chuo Ward, Tokyo","HK$ 1,168"
1 single bed,"Chuo Ward, Tokyo",HK$ 837
"Entire apartment • 1 bedroom • 1 bathroom • 23m²
2 single beds","Toshima, Tokyo","HK$ 1,194"
1 single bed,"Chuo Ward, Tokyo",HK$ 487
1 single bed,"Minato, Tokyo",HK$ 947
1 double bed,"Shinagawa Ward, Tokyo",HK$ 717
"Bed in dormitory
1 bunk bed","Taito, Tokyo",HK$ 401
1 extra-large double bed,"Toshima, Tokyo","HK$ 1,255"
1 double bed,"Shinjuku Ward, Tokyo",HK$ 779
1 single bed,"Shinjuku Ward, Tokyo",HK$ 745
1 double bed,"Chuo Ward, Tokyo",HK$ 952
"Private apartment • 1 bedroom • 1 living room • 1 bathroom • 19m²
2 bunk beds","Shibuya Ward, Tokyo","HK$ 1,212"
3 single beds,"Sumida Ward, Tokyo",HK$ 569
1 single bed,"Ota Ward, Tokyo",HK$ 725
"3 beds (2 sofa beds, 1 large double)","Minato, Tokyo","HK$ 1,136"
1 single bed,"Minato, Tokyo",HK$ 454
1 double bed,"Toshima, Tokyo",HK$ 865
1 single bed,"Chuo Ward, Tokyo",HK$ 703
1 single bed,"Suginami Ward, Tokyo",HK$ 828
1 single bed,"Suginami Ward, Tokyo",HK$ 757
1 double bed,"Taito, Tokyo",HK$ 631
1 single bed,"Sumida Ward, Tokyo",HK$ 647
"2 beds (1 double, 1 bunk bed)","Minato, Tokyo",HK$ 811
1 single bed,"Toshima, Tokyo",HK$ 801
2 single beds,"Adachi Ward, Tokyo",HK$ 398
1 double bed,"Sumida Ward, Tokyo","HK$ 1,378"
2 double beds,"Urayasu, Tokyo","HK$ 1,594"
1 single bed,"Taito, Tokyo",HK$ 376
1 single bed,"Chiyoda, Tokyo",HK$ 844
1 single bed,"Minato, Tokyo",HK$ 569
"Bed in dormitory
1 single bed","Shibuya Ward, Tokyo",HK$ 459
1 double bed,"Nerima Ward, Tokyo",HK$ 920
2 single beds,"Taito, Tokyo",HK$ 579
1 single bed,"Urayasu, Tokyo",HK$ 692
2 single beds,"Minato, Tokyo","HK$ 1,635"
1 double bed,"Shinjuku Ward, Tokyo",HK$ 822
1 single bed,"Chuo Ward, Tokyo",HK$ 541
"2 beds (1 double, 1 futon)","Shinjuku Ward, Tokyo",HK$ 627
1 large double bed,"Chiyoda, Tokyo","HK$ 1,550"
1 double bed,"Minato, Tokyo",HK$ 686
2 single beds,"Urayasu, Tokyo","HK$ 2,510"
1 large double bed,"Toshima, Tokyo",HK$ 564
"Bed in dormitory
1 single bed","Shinjuku Ward, Tokyo",HK$ 364
1 single bed,"Ota Ward, Tokyo",HK$ 576
1 double bed,"Chuo Ward, Tokyo",HK$ 809
1 single bed,"Taito, Tokyo","HK$ 1,634"
1 double bed,"Shinjuku Ward, Tokyo",HK$ 844
1 single bed,"Shinjuku Ward, Tokyo",HK$ 535
1 single bed,"Ota Ward, Tokyo",HK$ 831
1 double bed,"Sumida Ward, Tokyo",HK$ 877
1 double bed,"Taito, Tokyo",HK$ 897
1 single bed,"Chuo Ward, Tokyo",HK$ 476
1 extra-large double bed,"Chiyoda, Tokyo","HK$ 5,543"
"Entire apartment • 1 bedroom • 1 bathroom • 1 kitchen • 25m²
1 double bed","Sumida Ward, Tokyo","HK$ 1,107"
1 single bed,"Shibuya Ward, Tokyo",HK$ 579
"Entire studio • 1 bathroom • 1 kitchen • 33m²
1 extra-large double bed","Chiyoda, Tokyo","HK$ 4,094"
1 single bed,"Shinjuku Ward, Tokyo",HK$ 595
1 single bed,"Urayasu, Tokyo",HK$ 660
1 large double bed,"Koto Ward, Tokyo","HK$ 1,517"
1 double bed,"Shibuya Ward, Tokyo","HK$ 1,332"
1 large double bed,"Ota Ward, Tokyo",HK$ 785
1 single bed,"Edogawa, Tokyo",HK$ 584
1 large double bed,"Toshima, Tokyo","HK$ 1,584"
1 extra-large double bed,"Chiyoda, Tokyo","HK$ 8,355"
1 double bed,"Shinjuku Ward, Tokyo",HK$ 703
1 double bed,"Nakano, Tokyo","HK$ 2,278"
1 double bed,"Nakano, Tokyo","HK$ 2,278"
1 single bed,"Minato, Tokyo",HK$ 686
"Bed in dormitory
1 single bed","Shinjuku Ward, Tokyo",HK$ 292
1 single bed,"Shibuya Ward, Tokyo",HK$ 476
1 double bed,"Chuo Ward, Tokyo",HK$ 655
1 single bed,"Sumida Ward, Tokyo",HK$ 716
1 double bed,"Chiyoda, Tokyo",HK$ 660
1 single bed,Tokyo,"HK$ 1,069"
1 single bed,"Chiyoda, Tokyo",HK$ 607
"Bed in dormitory
1 bunk bed","Shibuya Ward, Tokyo",HK$ 322
1 single bed,"Chiyoda, Tokyo","HK$ 1,098"
1 extra-large double bed,"Minato, Tokyo","HK$ 1,270"
"Bed in dormitory
1 single bed","Taito, Tokyo",HK$ 286
Multiple bed types,"Ota Ward, Tokyo","HK$ 1,779"
2 double beds,"Shinjuku Ward, Tokyo","HK$ 7,059"
"Bed in dormitory
1 single bed","Shinjuku Ward, Tokyo",HK$ 270
1 single bed,"Chiyoda, Tokyo",HK$ 536
1 single bed,"Taito, Tokyo",HK$ 797
2 single beds,"Chuo Ward, Tokyo",HK$ 939
"Entire apartment • 1 bedroom • 1 living room • 1 bathroom • 1 kitchen • 25m²
4 bunk beds","Shinjuku Ward, Tokyo",HK$ 303
1 double bed,"Chiyoda, Tokyo",HK$ 909
2 single beds,Tokyo,"HK$ 1,097"
1 double bed,"Taito, Tokyo",HK$ 562
1 single bed,"Taito, Tokyo",HK$ 924
2 single beds,"Shinjuku Ward, Tokyo",HK$ 974
1 single bed,"Taito, Tokyo",HK$ 541
"Bed in dormitory
1 bunk bed","Taito, Tokyo",HK$ 322
1 single bed,"Ota Ward, Tokyo",HK$ 574
"Shared dormitory room
2 bunk beds","Taito, Tokyo",HK$ 560
1 double bed,"Arakawa, Tokyo",HK$ 657
"Bed in dormitory
1 bunk bed","Taito, Tokyo",HK$ 195
1 single bed,"Shinjuku Ward, Tokyo",HK$ 644
1 single bed,"Koto Ward, Tokyo",HK$ 779
1 single bed,"Minato, Tokyo",HK$ 594
"Bed in dormitory
1 bunk bed","Taito, Tokyo",HK$ 314
"Bed in dormitory
1 single bed","Adachi Ward, Tokyo",HK$ 318
1 single bed,"Taito, Tokyo",HK$ 554
1 double bed,"Shinagawa Ward, Tokyo",HK$ 717
1 single bed,"Shinjuku Ward, Tokyo",HK$ 448
1 double bed,"Toshima, Tokyo",HK$ 968
1 double bed,"Taito, Tokyo",HK$ 736
1 double bed,"Taito, Tokyo","HK$ 1,275"
1 extra-large double bed,"Meguro Ward, Tokyo","HK$ 4,954"
"Bed in dormitory
1 single bed","Chiyoda, Tokyo",HK$ 327
"2 beds (1 single, 1 sofa bed)","Taito, Tokyo",HK$ 682
"Shared dormitory room
3 single beds","Shinjuku Ward, Tokyo",HK$ 195
"Bed in dormitory
1 bunk bed","Shinjuku Ward, Tokyo",HK$ 226
"Bed in dormitory
1 bunk bed","Sumida Ward, Tokyo",HK$ 389
1 single bed,"Taito, Tokyo",HK$ 725
1 single bed,"Minato, Tokyo",HK$ 769
1 single bed,"Chuo Ward, Tokyo",HK$ 536
"3 beds (2 singles, 1 bunk bed)","Chuo Ward, Tokyo","HK$ 2,916"
"5 beds (4 singles, 1 sofa bed)","Chiyoda, Tokyo","HK$ 2,175"
"Bed in dormitory
1 single bed","Shinjuku Ward, Tokyo",HK$ 703
"Entire apartment • 1 bedroom • 1 bathroom • 1 kitchen • 21m²
1 double bed","Shinjuku Ward, Tokyo",HK$ 680
1 single bed,"Chuo Ward, Tokyo",HK$ 638
1 double bed,"Shinjuku Ward, Tokyo","HK$ 1,028"
1 single bed,"Chuo Ward, Tokyo",HK$ 837
1 double bed,"Taito, Tokyo",HK$ 557
1 single bed,"Shinagawa Ward, Tokyo",HK$ 891
1 single bed,"Shinjuku Ward, Tokyo",HK$ 640
1 double bed,"Chiyoda, Tokyo",HK$ 805
1 double bed,"Taito, Tokyo",HK$ 606
1 single bed,"Taito, Tokyo",HK$ 660
2 futon beds,"Taito, Tokyo","HK$ 2,434"
1 single bed,"Arakawa, Tokyo",HK$ 705
2 single beds,"Shinjuku Ward, Tokyo",HK$ 541
"Shared dormitory room
2 bunk beds","Taito, Tokyo",HK$ 534
1 single bed,"Chuo Ward, Tokyo",HK$ 523
1 double bed,"Shinjuku Ward, Tokyo","HK$ 1,354"
1 extra-large double bed,"Chiyoda, Tokyo","HK$ 6,483"
"Bed in dormitory
1 bunk bed","Minato, Tokyo",HK$ 744
"3 beds (1 single, 2 bunk beds)","Taito, Tokyo",HK$ 974
1 double bed,"Chiyoda, Tokyo",HK$ 898
1 double bed,"Shinjuku Ward, Tokyo",HK$ 541
1 double bed,"Chuo Ward, Tokyo","HK$ 1,406"
"Bed in dormitory
1 single bed","Chiyoda, Tokyo",HK$ 311
1 single bed,"Chuo Ward, Tokyo",HK$ 476
"Bed in dormitory
1 bunk bed","Chuo Ward, Tokyo",HK$ 303
"Entire studio • 1 bathroom • 1 kitchen • 26m²
1 double bed","Minato, Tokyo","HK$ 1,804"
1 single bed,"Edogawa, Tokyo",HK$ 826
1 double bed,"Taito, Tokyo",HK$ 790
2 single beds,"Taito, Tokyo",HK$ 683
1 double bed,"Chiyoda, Tokyo",HK$ 757
1 large double bed,"Chuo Ward, Tokyo","HK$ 1,240"
1 double bed,"Minato, Tokyo",HK$ 798
1 single bed,"Toshima, Tokyo",HK$ 790
1 single bed,"Taito, Tokyo",HK$ 512
1 large double bed,"Taito, Tokyo","HK$ 1,645"
1 single bed,"Chiyoda, Tokyo",HK$ 706
1 single bed,"Taito, Tokyo",HK$ 530
1 double bed,"Minato, Tokyo",HK$ 835
1 double bed,"Shinagawa Ward, Tokyo",HK$ 530
1 single bed,"Nakano, Tokyo",HK$ 779
"Bed in dormitory
1 bunk bed","Toshima, Tokyo",HK$ 292
"4 beds (2 singles, 2 sofa beds)","Urayasu, Tokyo","HK$ 2,542"
1 single bed,"Itabashi Ward, Tokyo",HK$ 581
"5 beds (2 singles, 3 sofa beds)","Taito, Tokyo",HK$ 569
1 double bed,"Shinjuku Ward, Tokyo",HK$ 519
1 single bed,"Minato, Tokyo",HK$ 633
"Entire apartment • 1 bedroom • 1 living room • 1 bathroom • 1 kitchen • 25m²
3 beds (1 single, 1 sofa bed, 1 futon)","Ota Ward, Tokyo",HK$ 995
"Bed in dormitory
1 single bed","Setagaya, Tokyo",HK$ 345
1 futon bed,"Toshima, Tokyo",HK$ 471
1 single bed,"Sumida Ward, Tokyo",HK$ 649
1 double bed,"Taito, Tokyo","HK$ 1,039"
1 double bed,"Chuo Ward, Tokyo",HK$ 824
"Bed in dormitory
1 single bed","Chiyoda, Tokyo",HK$ 281
"Bed in dormitory
1 bunk bed","Ota Ward, Tokyo",HK$ 411
1 extra-large double bed,"Minato, Tokyo","HK$ 6,194"
1 single bed,"Koto Ward, Tokyo",HK$ 606
1 single bed,"Chuo Ward, Tokyo","HK$ 1,773"
1 single bed,"Taito, Tokyo",HK$ 487
1 single bed,"Minato, Tokyo",HK$ 683
1 single bed,"Shinjuku Ward, Tokyo",HK$ 798
1 single bed,"Toshima, Tokyo",HK$ 640
1 double bed,"Ota Ward, Tokyo",HK$ 756
"Bed in dormitory
1 bunk bed","Sumida Ward, Tokyo",HK$ 230
1 single bed,"Chiyoda, Tokyo",HK$ 970
"Bed in dormitory
1 bunk bed","Shinjuku Ward, Tokyo",HK$ 386
1 extra-large double bed,"Chiyoda, Tokyo","HK$ 2,806"
1 single bed,"Shinagawa Ward, Tokyo",HK$ 724
1 single bed,"Kita, Tokyo",HK$ 484
1 single bed,"Setagaya, Tokyo",HK$ 703
2 single beds,"Chuo Ward, Tokyo","HK$ 1,250"
1 single bed,"Minato, Tokyo",HK$ 606
1 double bed,"Taito, Tokyo",HK$ 766
"Bed in dormitory
1 bunk bed","Chiyoda, Tokyo",HK$ 373
2 single beds,"Urayasu, Tokyo","HK$ 3,070"
1 large double bed,"Taito, Tokyo",HK$ 823
1 single bed,"Shinagawa Ward, Tokyo",HK$ 797
1 single bed,"Adachi Ward, Tokyo",HK$ 752
1 single bed,"Edogawa, Tokyo",HK$ 643
1 single bed,"Sumida Ward, Tokyo","HK$ 2,050"
"Bed in dormitory
1 bunk bed","Ota Ward, Tokyo",HK$ 228
1 single bed,"Shinjuku Ward, Tokyo","HK$ 1,082"
"3 beds (2 singles, 1 sofa bed)","Taito, Tokyo","HK$ 1,212"
1 double bed,"Ota Ward, Tokyo",HK$ 865
2 single beds,"Taito, Tokyo",HK$ 893
1 single bed,"Meguro Ward, Tokyo","HK$ 1,462"
1 double bed,"Chuo Ward, Tokyo",HK$ 454
1 single bed,"Ota Ward, Tokyo",HK$ 764
"Entire apartment • 1 kitchen • 17m²
1 double bed","Koto Ward, Tokyo",HK$ 462
2 single beds,"Bunkyo, Tokyo","HK$ 1,436"
1 single bed,"Taito, Tokyo",HK$ 501
"Entire villa • 2 bedrooms • 1 living room • 1 bathroom • 1 kitchen • 80m²
5 beds (2 singles, 3 doubles)","Shinjuku Ward, Tokyo","HK$ 1,947"
2 double beds,"Taito, Tokyo","HK$ 1,527"
1 single bed,"Taito, Tokyo",HK$ 933
1 double bed,"Shinjuku Ward, Tokyo","HK$ 1,103"
1 large double bed,"Shinagawa Ward, Tokyo","HK$ 1,026"
1 double bed,"Shinjuku Ward, Tokyo",HK$ 649
1 single bed,"Shinjuku Ward, Tokyo",HK$ 725
2 single beds,"Urayasu, Tokyo","HK$ 3,744"
1 single bed,"Taito, Tokyo",HK$ 741
"Bed in dormitory
1 bunk bed","Chiyoda, Tokyo",HK$ 342
"Entire apartment • 1 bedroom • 1 living room • 1 bathroom • 1 kitchen • 42m²
6 beds (5 singles, 1 sofa bed)","Ota Ward, Tokyo","HK$ 1,253"
1 double bed,"Chiyoda, Tokyo",HK$ 974
1 single bed,"Koto Ward, Tokyo",HK$ 615
2 futon beds,"Taito, Tokyo",HK$ 634
"Bed in dormitory
1 bunk bed","Ota Ward, Tokyo",HK$ 280
1 single bed,"Taito, Tokyo",HK$ 493
"Bed in dormitory
1 single bed","Taito, Tokyo",HK$ 300
1 single bed,"Taito, Tokyo",HK$ 706
1 double bed,"Shinagawa Ward, Tokyo",HK$ 799
"Bed in dormitory
1 bunk bed","Taito, Tokyo",HK$ 473
"Entire villa • 3 bedrooms • 1 living room • 1 bathroom • 1 kitchen • 110m²
6 beds (4 singles, 2 doubles)","Edogawa, Tokyo","HK$ 2,164"
1 single bed,"Toshima, Tokyo",HK$ 763
"Bed in dormitory
1 bunk bed","Arakawa, Tokyo",HK$ 260
1 single bed,"Taito, Tokyo",HK$ 544
"3 beds (2 singles, 1 bunk bed)","Taito, Tokyo","HK$ 1,904"
1 extra-large double bed,"Sumida Ward, Tokyo","HK$ 1,839"
1 single bed,"Ota Ward, Tokyo",HK$ 714
1 single bed,"Taito, Tokyo",HK$ 627
1 single bed,"Toshima, Tokyo",HK$ 517
"Entire apartment • 1 bedroom • 1 bathroom • 1 kitchen • 25m²
2 beds (1 double, 1 sofa bed)","Setagaya, Tokyo","HK$ 1,190"
1 large double bed,"Minato, Tokyo",HK$ 632
1 double bed,"Taito, Tokyo",HK$ 574
"Private studio • 15m²
1 double bed","Ota Ward, Tokyo",HK$ 619
1 single bed,"Minato, Tokyo","HK$ 1,195"
1 single bed,"Chuo Ward, Tokyo","HK$ 1,014"
1 double bed,"Shinagawa Ward, Tokyo",HK$ 820
1 single bed,"Minato, Tokyo","HK$ 1,098"
1 double bed,"Chiyoda, Tokyo",HK$ 579
1 single bed,"Sumida Ward, Tokyo",HK$ 519
1 double bed,"Ota Ward, Tokyo",HK$ 666
1 large double bed,"Minato, Tokyo","HK$ 4,024"
1 double bed,"Toshima, Tokyo",HK$ 746
1 single bed,"Shinagawa Ward, Tokyo",HK$ 627
1 large double bed,"Minato, Tokyo","HK$ 5,261"
1 single bed,"Shinjuku Ward, Tokyo",HK$ 679
1 double bed,"Ota Ward, Tokyo",HK$ 727
1 single bed,"Minato, Tokyo",HK$ 677
2 single beds,"Chiyoda, Tokyo",HK$ 957
"Bed in dormitory
1 bunk bed","Taito, Tokyo",HK$ 446
1 single bed,"Chiyoda, Tokyo",HK$ 936
1 large double bed,"Minato, Tokyo","HK$ 1,207"
1 double bed,"Ota Ward, Tokyo",HK$ 694
1 double bed,"Minato, Tokyo",HK$ 877
1 double bed,"Shinjuku Ward, Tokyo","HK$ 1,352"
1 double bed,"Chiyoda, Tokyo",HK$ 736
1 double bed,"Shinjuku Ward, Tokyo",HK$ 617
1 double bed,"Shinjuku Ward, Tokyo",HK$ 617
"2 beds (1 single, 1 sofa bed)","Ota Ward, Tokyo",HK$ 822
"Entire apartment • 2 bedrooms • 1 living room • 1 bathroom • 1 kitchen • 30m²
2 double beds","Bunkyo, Tokyo","HK$ 1,294"
"Entire apartment • 1 bedroom • 1 bathroom • 25m²
1 double bed","Shinjuku Ward, Tokyo",HK$ 928
1 double bed,"Toshima, Tokyo",HK$ 444
1 single bed,"Katsushika, Tokyo",HK$ 638
"Bed in dormitory
1 single bed","Minato, Tokyo",HK$ 514
"Bed in dormitory
1 bunk bed","Taito, Tokyo",HK$ 341
1 single bed,"Taito, Tokyo",HK$ 353
4 single beds,"Sumida Ward, Tokyo","HK$ 1,755"
1 double bed,"Edogawa, Tokyo",HK$ 844
"4 beds (3 singles, 1 sofa bed)","Urayasu, Tokyo","HK$ 2,488"
2 single beds,"Urayasu, Tokyo","HK$ 2,043"
1 single bed,"Shinjuku Ward, Tokyo",HK$ 865
1 single bed,"Toshima, Tokyo",HK$ 651
"Bed in dormitory
1 bunk bed","Sumida Ward, Tokyo",HK$ 228
1 double bed,"Shinagawa Ward, Tokyo",HK$ 763
"3 beds (2 singles, 1 bunk bed)","Chiyoda, Tokyo","HK$ 1,928"
1 extra-large double bed,"Taito, Tokyo",HK$ 477
"Private studio
1 futon bed","Shibuya Ward, Tokyo",HK$ 782
5 futon beds,"Arakawa, Tokyo","HK$ 1,699"
1 single bed,"Shinagawa Ward, Tokyo",HK$ 474
"3 beds (2 singles, 1 bunk bed)","Taito, Tokyo","HK$ 1,361"
1 single bed,"Taito, Tokyo",HK$ 541
"Bed in dormitory
1 bunk bed","Taito, Tokyo",HK$ 292
"3 beds (2 singles, 1 bunk bed)","Taito, Tokyo","HK$ 1,475"
1 double bed,"Taito, Tokyo",HK$ 516
"Bed in dormitory
1 single bed","Ota Ward, Tokyo",HK$ 221
"Private studio
1 single bed","Toshima, Tokyo",HK$ 521
1 double bed,"Minato, Tokyo",HK$ 906
2 futon beds,"Shinjuku Ward, Tokyo",HK$ 703
1 double bed,"Shinagawa Ward, Tokyo","HK$ 1,347"
1 double bed,"Arakawa, Tokyo",HK$ 882
1 double bed,"Toshima, Tokyo",HK$ 657
2 single beds,"Shinagawa Ward, Tokyo","HK$ 1,110"
"Entire apartment • 1 bedroom • 1 living room • 1 bathroom • 1 kitchen • 40m²
2 beds (1 double, 1 sofa bed)","Chuo Ward, Tokyo","HK$ 2,380"
2 single beds,"Chiyoda, Tokyo",HK$ 836
1 double bed,"Ota Ward, Tokyo",HK$ 865
"Bed in dormitory
1 single bed","Taito, Tokyo",HK$ 256
"Entire apartment • 1 bedroom • 1 living room • 1 bathroom • 1 kitchen • 23m²
1 double bed","Nakano, Tokyo","HK$ 1,553"
"Private studio
1 single bed","Toshima, Tokyo",HK$ 485
"Private apartment • 1 bedroom • 1 bathroom • 1 kitchen • 28m²
3 beds (2 bunk beds, 1 sofa bed)","Taito, Tokyo",HK$ 911
1 double bed,"Kita, Tokyo",HK$ 774
1 double bed,"Bunkyo, Tokyo","HK$ 1,277"
"4 beds (2 singles, 2 doubles)","Meguro Ward, Tokyo","HK$ 5,517"
"Entire holiday home • 2 bedrooms • 1 living room • 1 bathroom • 1 kitchen • 80m²
4 beds (2 doubles, 2 sofa beds)","Suginami Ward, Tokyo","HK$ 1,822"
1 large double bed,"Chiyoda, Tokyo","HK$ 1,777"
1 single bed,"Taito, Tokyo",HK$ 328
"Bed in dormitory
1 bunk bed","Suginami Ward, Tokyo",HK$ 325
1 double bed,"Taito, Tokyo",HK$ 590
1 double bed,"Chuo Ward, Tokyo",HK$ 790
1 large double bed,"Chuo Ward, Tokyo","HK$ 1,535"
1 single bed,"Shinjuku Ward, Tokyo",HK$ 833
2 single beds,"Taito, Tokyo","HK$ 1,618"
4 double beds,"Shibuya Ward, Tokyo","HK$ 2,975"
"Bed in dormitory
1 single bed","Bunkyo, Tokyo",HK$ 307
1 double bed,"Chuo Ward, Tokyo",HK$ 799
"Shared dormitory room
3 beds (1 single, 2 bunk beds)","Arakawa, Tokyo",HK$ 307
1 bunk bed,"Taito, Tokyo",HK$ 342
1 single bed,"Toshima, Tokyo",HK$ 833
1 large double bed,"Chuo Ward, Tokyo","HK$ 1,990"
"Private suite
3 beds (2 doubles, 1 sofa bed)","Chuo Ward, Tokyo","HK$ 1,179"
"Entire apartment • 1 bedroom • 1 bathroom • 1 kitchen • 25m²
2 beds (1 single, 1 large double)","Ota Ward, Tokyo",HK$ 797
"Entire apartment • 2 bedrooms • 1 bathroom • 1 kitchen • 40m²
3 double beds","Shinagawa Ward, Tokyo","HK$ 1,412"
1 single bed,"Bunkyo, Tokyo",HK$ 572
"Entire studio • 1 bathroom • 40m²
1 extra-large double bed","Chiyoda, Tokyo","HK$ 4,602"
2 bunk beds,"Shinjuku Ward, Tokyo","HK$ 1,515"
1 double bed,"Toshima, Tokyo",HK$ 508
1 single bed,"Adachi Ward, Tokyo",HK$ 552
1 double bed,"Chuo Ward, Tokyo",HK$ 824
2 double beds,"Shinjuku Ward, Tokyo","HK$ 1,060"
"Bed in dormitory
1 bunk bed","Katsushika, Tokyo",HK$ 454
1 single bed,"Katsushika, Tokyo",HK$ 487
1 large double bed,"Urayasu, Tokyo","HK$ 2,164"
1 double bed,"Shinjuku Ward, Tokyo",HK$ 647
1 large double bed,"Minato, Tokyo","HK$ 5,247"
2 single beds,"Urayasu, Tokyo","HK$ 2,657"
"Bed in dormitory
1 single bed","Shibuya Ward, Tokyo",HK$ 448
"Private suite • 1 bedroom • 1 living room • 1 bathroom • 33m²
1 large double bed","Arakawa, Tokyo","HK$ 1,298"
1 double bed,"Shinjuku Ward, Tokyo","HK$ 1,515"
1 single bed,"Shinagawa Ward, Tokyo",HK$ 540
1 double bed,"Chuo Ward, Tokyo","HK$ 1,207"
"Entire apartment • 1 bedroom • 1 living room • 1 bathroom • 1 kitchen • 29m²
2 beds (1 sofa bed, 1 large double)","Katsushika, Tokyo",HK$ 811
1 single bed,"Chuo Ward, Tokyo",HK$ 516
1 double bed,"Taito, Tokyo",HK$ 822
"4 beds (2 sofa beds, 2 large doubles)","Shinjuku Ward, Tokyo","HK$ 2,664"
"Entire apartment • 3 bedrooms • 1 living room • 1 bathroom • 34m²
5 beds (2 singles, 1 double, 1 sofa bed, 1 futon)","Sumida Ward, Tokyo",HK$ 952
1 single bed,"Shinjuku Ward, Tokyo",HK$ 535
2 futon beds,"Taito, Tokyo",HK$ 876
1 double bed,"Taito, Tokyo","HK$ 1,082"
"Entire apartment • 1 bedroom • 1 bathroom • 1 kitchen • 45m²
3 beds (1 sofa bed, 2 large doubles)","Shibuya Ward, Tokyo",HK$ 779
1 extra-large double bed,"Chiyoda, Tokyo","HK$ 4,443"
"Entire apartment • 1 bedroom • 1 bathroom • 22m²
2 bunk beds","Minato, Tokyo","HK$ 1,772"
"Bed in dormitory
1 bunk bed","Toshima, Tokyo",HK$ 234
1 double bed,"Shinjuku Ward, Tokyo","HK$ 1,395"
"Entire apartment • 2 bedrooms • 1 living room • 1 bathroom • 1 kitchen • 60m²
3 beds (2 doubles, 1 sofa bed)","Arakawa, Tokyo","HK$ 2,465"
1 single bed,"Bunkyo, Tokyo","HK$ 1,709"
"4 beds (2 singles, 2 sofa beds)","Katsushika, Tokyo","HK$ 1,144"
1 single bed,"Koto Ward, Tokyo",HK$ 640
1 double bed,"Sumida Ward, Tokyo","HK$ 2,164"
1 double bed,"Sumida Ward, Tokyo","HK$ 2,164"
1 double bed,"Kita, Tokyo",HK$ 746
"Entire apartment • 1 bedroom • 1 bathroom • 1 kitchen • 18m²
1 double bed","Shibuya Ward, Tokyo","HK$ 1,298"
8 bunk beds,"Koto Ward, Tokyo","HK$ 1,212"
1 double bed,"Shinjuku Ward, Tokyo",HK$ 893
1 single bed,"Chuo Ward, Tokyo","HK$ 1,242"
1 large double bed,"Meguro Ward, Tokyo",HK$ 714
1 large double bed,"Shinagawa Ward, Tokyo","HK$ 1,572"
"2 beds (1 bunk bed, 1 futon)","Edogawa, Tokyo","HK$ 1,331"
"Private studio • 12m²
1 single bed","Chuo Ward, Tokyo",HK$ 493
"Bed in dormitory
1 bunk bed","Taito, Tokyo",HK$ 345
"4 beds (2 doubles, 1 bunk bed, 1 futon)","Taito, Tokyo",HK$ 962
"Bed in dormitory
1 bunk bed","Edogawa, Tokyo",HK$ 193
"Private studio • 1 kitchen • 25m²
1 double bed","Minato, Tokyo","HK$ 1,599"
1 single bed,"Minato, Tokyo",HK$ 557
"Private studio • 15m²
1 double bed","Ota Ward, Tokyo",HK$ 619
"2 beds (1 single, 1 double)","Shinjuku Ward, Tokyo",HK$ 959
1 extra-large double bed,"Taito, Tokyo","HK$ 2,278"
"Private suite • 1 bedroom • 1 living room • 1 bathroom • 40m²
3 single beds","Taito, Tokyo","HK$ 1,454"
"Entire apartment • 2 bedrooms • 1 living room • 1 bathroom • 1 kitchen • 35m²
3 beds (1 sofa bed, 2 large doubles)","Shinjuku Ward, Tokyo","HK$ 1,230"
"Entire apartment • 1 bedroom • 1 bathroom • 1 kitchen • 20m²
2 beds (1 double, 1 sofa bed)","Meguro Ward, Tokyo","HK$ 1,515"
"3 beds (2 singles, 1 bunk bed)","Taito, Tokyo","HK$ 1,915"
1 single bed,"Taito, Tokyo",HK$ 649
1 double bed,"Taito, Tokyo",HK$ 431
1 double bed,"Ota Ward, Tokyo","HK$ 1,168"
"3 beds (2 doubles, 1 bunk bed)","Chuo Ward, Tokyo","HK$ 1,922"
"Entire apartment • 1 bedroom • 1 bathroom • 1 kitchen • 28m²
2 beds (1 double, 1 sofa bed)","Katsushika, Tokyo",HK$ 442
"Entire villa • 3 bedrooms • 1 living room • 1 bathroom • 1 kitchen • 96m²
6 beds (4 singles, 1 double, 1 sofa bed)","Katsushika, Tokyo","HK$ 1,818"
"Entire apartment • 1 bedroom • 1 bathroom • 1 kitchen • 25m²
1 double bed","Chuo Ward, Tokyo","HK$ 1,309"
2 single beds,"Sumida Ward, Tokyo","HK$ 1,142"
"Bed in dormitory
1 bunk bed","Chuo Ward, Tokyo",HK$ 358
1 single bed,"Taito, Tokyo",HK$ 703
"3 beds (1 double, 2 sofa beds)","Sumida Ward, Tokyo","HK$ 1,133"
1 double bed,"Toshima, Tokyo","HK$ 1,139"
"Bed in dormitory
1 bunk bed","Chiyoda, Tokyo",HK$ 379
2 bunk beds,"Shinjuku Ward, Tokyo",HK$ 428
"Bed in dormitory
1 bunk bed","Minato, Tokyo",HK$ 322
"Entire holiday home • 3 bedrooms • 1 living room • 1 bathroom • 1 kitchen • 57m²
6 beds (1 double, 5 futons)","Taito, Tokyo","HK$ 1,125"
"Private studio
1 futon bed","Shibuya Ward, Tokyo",HK$ 782
"Private studio • 12m²
1 double bed","Minato, Tokyo",HK$ 848
"Bed in dormitory
1 bunk bed","Taito, Tokyo",HK$ 419
3 single beds,"Shinagawa Ward, Tokyo","HK$ 2,178"
1 double bed,"Chuo Ward, Tokyo","HK$ 1,492"
1 double bed,"Minato, Tokyo",HK$ 917
"Entire apartment • 15m²
2 single beds","Sumida Ward, Tokyo",HK$ 760
1 futon bed,"Taito, Tokyo","HK$ 1,014"
"Private studio • 25m²
3 single beds","Ota Ward, Tokyo",HK$ 864
"Entire apartment • 2 bedrooms • 1 living room • 1 bathroom • 1 kitchen • 62m²
6 beds (5 singles, 1 sofa bed)","Shibuya Ward, Tokyo","HK$ 2,056"
1 double bed,"Taito, Tokyo",HK$ 547
1 single bed,"Taito, Tokyo",HK$ 487
"Entire apartment • 2 bedrooms • 2 living rooms • 2 bathrooms • 1 kitchen • 80m²
9 beds (4 singles, 2 doubles, 1 sofa bed, 2 futons)","Taito, Tokyo","HK$ 2,380"
1 double bed,"Shinjuku Ward, Tokyo",HK$ 911
"Entire apartment • 1 bedroom • 1 living room • 1 bathroom • 1 kitchen • 60m²
5 beds (2 doubles, 2 sofa beds, 1 futon)","Shibuya Ward, Tokyo","HK$ 2,005"
1 single bed,"Chuo Ward, Tokyo",HK$ 581
1 large double bed,"Shinjuku Ward, Tokyo","HK$ 1,685"
"Bed in dormitory
1 single bed","Kita, Tokyo",HK$ 376
"2 beds (1 bunk bed, 1 futon)","Taito, Tokyo",HK$ 671
"Bed in dormitory
1 single bed","Kita, Tokyo",HK$ 216
1 single bed,"Ota Ward, Tokyo",HK$ 855
"Entire apartment • 1 bedroom • 1 bathroom • 18m²
1 double bed","Shibuya Ward, Tokyo",HK$ 781
1 single bed,"Urayasu, Tokyo","HK$ 1,100"
"6 beds (4 singles, 2 sofa beds)","Taito, Tokyo","HK$ 1,168"
1 extra-large double bed,"Edogawa, Tokyo","HK$ 1,720"
"4 beds (1 double, 3 futons)","Taito, Tokyo",HK$ 651
1 extra-large double bed,"Chiyoda, Tokyo","HK$ 8,491"
3 single beds,"Shinjuku Ward, Tokyo","HK$ 1,275"
"Entire apartment • 1 bedroom • 1 bathroom • 1 kitchen • 23m²
1 double bed","Toshima, Tokyo",HK$ 717
"Entire apartment • 1 bedroom • 1 bathroom • 25m²
2 large double beds","Taito, Tokyo",HK$ 857
"2 beds (1 double, 1 bunk bed)","Kita, Tokyo","HK$ 1,298"
"Entire studio • 1 bathroom • 1 kitchen • 19m²
1 double bed","Setagaya, Tokyo","HK$ 1,376"
1 single bed,"Ota Ward, Tokyo",HK$ 790
1 single bed,"Toshima, Tokyo",HK$ 364
2 double beds,"Toshima, Tokyo",HK$ 683
"Entire apartment • 1 bedroom • 1 bathroom • 1 kitchen • 20m²
3 beds (2 singles, 1 futon)","Shibuya Ward, Tokyo","HK$ 1,298"
1 single bed,"Taito, Tokyo",HK$ 342
